Event,Ardn_time_ms,ADC,SiPM_mV,Deadtime_ms,Temp_C
1,2548,51,15.86,0,22.72
2,3146,236,40.44,5,22.62
3,3472,345,64.98,10,22.72
4,4292,73,19.32,15,22.40
5,4327,79,20.03,20,22.62
6,4439,68,18.65,25,22.62
7,5336,428,101.58,30,22.40
8,5703,387,81.05,35,22.51
9,6131,185,31.51,40,22.62
10,7143,60,17.43,45,22.51
11,7527,53,16.22,50,22.51
12,8743,62,17.75,55,22.51
13,9148,60,17.43,60,22.62
14,9946,56,16.76,65,22.72
15,10914,263,45.37,70,22.40
16,11166,174,29.79,75,22.29
17,12328,120,23.58,80,22.51
18,12699,98,21.83,85,22.62
19,12785,127,24.18,90,22.83
20,13395,66,18.36,95,22.51
21,13816,227,38.83,101,22.51
22,14074,217,37.04,106,22.72
23,14792,60,17.43,111,22.51
24,16404,92,21.32,116,22.51
25,16954,376,76.43,121,22.51
26,17077,217,37.04,126,22.62
27,17303,233,39.92,131,22.62
28,18388,504,143.61,136,22.62
29,18786,88,20.96,141,22.62
30,19407,85,20.67,146,22.72
31,19774,115,23.18,151,22.62
32,20424,99,21.91,156,22.40
33,20507,103,22.23,161,22.62
34,21272,97,21.75,166,22.62
35,23860,76,19.69,171,22.62
36,24069,195,33.17,176,22.62
37,24321,172,29.49,181,22.51
38,24426,448,112.41,186,22.51
39,24512,103,22.23,191,22.51
40,24658,124,23.92,196,22.51
41,26119,69,18.79,201,22.72
42,26437,50,15.67,206,22.62
43,27472,85,20.67,211,22.72
44,27852,63,17.91,216,22.94
45,28322,79,20.03,221,22.72
46,28379,391,82.35,226,22.83
47,29108,79,20.03,231,22.51
48,29633,99,21.91,236,22.94
49,30146,51,15.86,241,22.62
50,30756,92,21.32,246,22.94
51,30815,165,28.48,251,22.72
52,31657,49,15.48,256,22.83
53,31687,221,37.76,261,22.72
54,31840,143,25.74,266,22.83
55,32179,60,17.43,271,22.51
56,32581,480,130.21,276,23.05
57,32914,184,31.36,281,22.83
58,33094,120,23.58,286,22.72
59,33157,486,135.98,291,22.51
60,33577,63,17.91,296,22.94
61,34076,63,17.91,301,22.62
62,34290,96,21.67,306,22.72
63,34748,53,16.22,311,22.72
64,35113,96,21.67,316,22.72
65,35524,83,20.46,321,22.72
66,35915,159,27.66,326,22.51
67,36287,58,17.10,331,22.62
68,36547,63,17.91,336,22.83
69,37124,71,19.06,341,22.72
70,37679,56,16.76,346,22.72
71,38009,63,17.91,351,22.62
72,38415,335,61.77,356,22.72
73,39021,271,46.93,361,22.72
74,39259,58,17.10,366,22.51
75,39380,113,23.02,371,22.72
76,39773,67,18.51,376,22.51
77,41986,71,19.06,381,22.72
78,43142,71,19.06,386,22.51
79,43495,224,38.29,391,22.62
80,43529,344,64.67,396,22.72
81,43595,79,20.03,401,22.62
82,43917,131,24.54,406,22.83
83,44064,143,25.74,411,22.51
84,44481,67,18.51,416,22.83
85,45327,61,17.60,421,22.62
86,45891,124,23.92,426,22.62
87,45901,318,57.28,431,22.62
88,46060,127,24.18,436,22.83
89,46225,63,17.91,441,22.72
90,46249,126,24.09,446,22.72
91,47021,77,19.81,451,22.72
92,47502,92,21.32,456,22.62
93,47536,199,33.86,461,22.83
94,48886,49,15.48,466,22.83
95,48922,71,19.06,471,22.83
96,49001,78,19.92,476,22.83
97,50292,305,53.88,481,22.72
98,50671,63,17.91,486,22.62
99,51206,63,17.91,491,22.62
100,52457,188,32.01,496,22.94
101,52839,135,24.92,501,22.94
102,53929,89,21.05,506,22.72
103,53958,63,17.91,511,22.94
104,54764,135,24.92,516,23.15
105,55004,263,45.37,521,22.94
106,55431,89,21.05,526,22.94
107,56129,112,22.94,531,22.72
108,57052,102,22.15,536,22.62
109,57116,505,145.23,541,22.83
110,57306,280,48.67,546,22.72
111,58702,71,19.06,551,22.72
112,59468,53,16.22,556,22.72
113,59762,114,23.10,561,22.72
114,59799,504,143.61,566,22.72
115,60822,255,43.96,571,22.62
116,61244,300,52.79,576,22.83
117,61420,98,21.83,581,22.94
118,62223,159,27.66,586,22.62
119,62607,108,22.63,591,22.72
120,62874,79,20.03,596,22.72
121,63090,242,41.58,601,22.62
122,63341,56,16.76,606,22.83
123,63354,50,15.67,611,23.15
124,64994,174,29.79,616,22.83
125,65181,142,25.64,621,22.62
126,65209,238,40.82,626,22.72
127,66056,50,15.67,631,22.94
128,66571,101,22.08,636,22.83
129,67211,280,48.67,641,22.72
130,68097,146,26.08,646,22.62
131,68198,67,18.51,651,22.83
132,68532,67,18.51,656,22.94
133,68549,51,15.86,661,22.72
134,68646,92,21.32,666,23.15
135,69253,319,57.64,671,22.94
136,70083,79,20.03,676,22.62
137,71614,62,17.75,681,22.83
138,71849,195,33.17,686,22.72
139,72155,153,26.90,691,22.83
140,73501,99,21.91,696,22.62
141,74782,271,46.93,701,23.05
142,75467,262,45.24,706,22.83
143,75479,62,17.75,712,23.05
144,76084,76,19.69,717,22.83
145,76481,313,56.02,722,23.05
146,76570,71,19.06,727,22.94
147,77235,67,18.51,732,22.72
148,77545,79,20.03,737,22.72
149,77877,71,19.06,742,22.83
150,78010,51,15.86,747,22.83
151,78265,56,16.76,752,22.83
152,78579,221,37.76,757,22.83
153,79479,327,59.28,762,22.83
154,81457,81,20.25,767,22.94
155,82001,61,17.60,772,23.05
156,82140,664,270.86,777,22.83
157,82263,70,18.93,782,22.83
158,83088,71,19.06,787,23.05
159,83124,127,24.18,792,23.05
160,84119,217,37.04,797,22.72
161,84400,163,28.20,802,22.83
162,85220,82,20.36,807,22.83
163,85587,92,21.32,812,22.83
164,85755,295,51.75,817,22.83
165,86801,83,20.46,822,22.83
166,87161,91,21.23,827,22.72
167,88035,63,17.91,832,22.72
168,89325,79,20.03,837,22.83
169,89521,295,51.75,842,22.72
170,89958,448,112.41,847,22.72
171,90424,568,189.84,852,22.62
172,91046,207,35.26,857,22.83
173,91409,307,54.48,862,22.83
174,91906,391,82.35,867,22.83
175,92039,423,97.36,872,22.83
176,92698,275,47.73,877,22.94
177,93860,108,22.63,882,22.94
178,95060,82,20.36,887,22.62
179,95503,143,25.74,892,23.05
180,95729,280,48.67,897,23.15
181,96340,115,23.18,902,22.94
182,96640,51,15.86,907,22.94
183,96773,121,23.66,912,23.05
184,97508,109,22.70,917,22.94
185,98366,79,20.03,922,22.72
186,99457,81,20.25,927,23.05
187,99509,77,19.81,932,22.83
188,100237,63,17.91,937,22.83
189,100811,113,23.02,942,22.83
190,101099,85,20.67,947,22.83
191,101730,124,23.92,952,22.83
192,102071,79,20.03,957,22.94
193,102542,103,22.23,962,22.83
194,102845,305,53.88,967,22.83
195,103023,363,71.20,972,22.83
196,103936,76,19.69,977,22.94
197,103995,211,35.96,982,22.72
198,104321,83,20.46,987,22.83
199,105003,287,50.23,992,23.15
200,105436,71,19.06,997,22.83
201,105495,110,22.78,1002,23.05
202,106000,255,43.96,1007,22.94
203,106038,167,28.76,1012,22.83
204,106087,110,22.78,1017,22.94
205,106485,79,20.03,1022,22.83
206,106823,63,17.91,1027,23.05
207,108561,124,23.92,1033,23.05
208,108948,50,15.67,1039,22.94
209,108956,88,20.96,1044,23.15
210,109330,265,45.75,1049,23.05
211,109934,352,66.89,1055,22.94
212,109962,339,62.98,1060,22.83
213,110744,127,24.18,1065,22.83
214,111973,99,21.91,1070,22.94
215,112497,78,19.92,1075,23.05
216,113874,97,21.75,1080,22.83
217,113994,88,20.96,1085,22.94
218,114074,143,25.74,1090,22.72
219,115614,67,18.51,1095,22.72
220,115874,106,22.47,1101,22.94
221,116852,76,19.69,1106,23.05
222,117214,96,21.67,1111,22.94
223,117319,501,142.90,1116,23.05
224,117499,287,50.23,1122,23.05
225,118181,63,17.91,1127,22.94
226,118203,70,18.93,1133,23.15
227,118544,231,39.55,1139,22.83
228,118712,432,101.61,1144,23.05
229,118974,271,46.93,1149,23.15
230,119258,126,24.09,1155,22.94
231,119313,177,30.25,1161,23.15
232,119895,63,17.91,1166,22.72
233,119962,57,16.93,1172,22.94
234,120274,61,17.60,1177,23.05
235,121099,284,49.41,1183,23.15
236,121923,101,22.08,1188,23.15
237,122073,57,16.93,1193,23.15
238,123436,60,17.43,1198,22.94
239,123795,312,55.68,1204,22.94
240,124083,249,42.85,1209,23.15
241,125508,127,24.18,1214,23.05
242,125936,127,24.18,1219,23.05
243,126112,60,17.43,1224,23.15
244,126425,127,24.18,1230,22.83
245,126540,124,23.92,1235,22.94
246,126560,179,30.55,1241,23.05
247,127788,69,18.79,1246,23.05
248,129409,108,22.63,1251,23.05
249,129420,316,56.81,1256,22.94
250,129598,352,66.89,1261,22.94
251,131026,323,58.48,1266,23.15
252,131474,408,90.57,1271,22.94
253,133703,108,22.63,1276,22.94
254,133749,79,20.03,1281,22.94
255,133854,103,22.23,1286,22.94
256,134185,281,48.90,1291,23.15
257,134977,108,22.63,1297,22.94
258,135436,481,129.57,1302,22.94
259,136064,114,23.10,1308,23.05
260,137201,230,39.39,1313,23.05
261,138209,78,19.92,1318,22.94
262,138326,83,20.46,1323,22.94
263,138635,149,26.42,1328,22.72
264,138754,94,21.50,1333,22.94
265,139675,327,59.28,1338,22.94
266,139961,83,20.46,1343,22.72
267,140188,245,42.08,1348,23.05
268,140429,263,45.37,1354,22.94
269,140962,397,85.55,1360,22.72
270,141166,309,55.01,1365,22.94
271,142735,79,20.03,1370,22.94
272,142754,57,16.93,1375,23.15
273,142834,63,17.91,1380,23.05
274,143046,85,20.67,1386,22.94
275,143678,75,19.57,1391,23.05
276,143789,124,23.92,1396,22.83
277,143822,62,17.75,1402,23.05
278,144300,109,22.70,1408,22.94
279,144409,199,33.86,1413,22.94
280,144695,184,31.36,1418,22.83
281,144896,218,37.23,1423,22.94
282,146376,355,68.30,1428,22.94
283,146961,63,17.91,1433,22.94
284,147733,113,23.02,1439,22.83
285,148808,66,18.36,1444,23.05
286,149188,127,24.18,1450,23.15
287,150148,300,52.79,1455,23.15
288,152237,57,16.93,1460,23.15
289,152647,92,21.32,1465,22.94
290,152836,131,24.54,1470,23.15
291,153776,96,21.67,1476,22.94
292,155092,112,22.94,1481,22.83
293,155749,57,16.93,1486,22.94
294,155919,271,46.93,1491,23.15
295,157528,49,15.48,1497,22.94
296,157931,280,48.67,1502,23.15
297,158135,391,82.35,1508,22.94
298,159312,99,21.91,1513,23.05
299,159788,131,24.54,1518,23.05
300,161249,120,23.58,1524,22.94
301,161384,51,15.86,1530,22.83
302,161589,409,91.12,1535,22.94
303,162192,67,18.51,1540,23.15
304,162255,368,72.93,1546,23.15
305,162422,255,43.96,1551,22.94
306,162617,195,33.17,1556,23.05
307,162683,83,20.46,1561,23.15
308,163269,355,68.30,1566,22.94
309,163477,71,19.06,1571,23.05
310,163594,63,17.91,1576,23.15
311,163629,93,21.41,1582,22.94
312,164612,99,21.91,1587,23.05
313,164848,90,21.14,1592,22.83
314,164908,60,17.43,1597,22.72
315,165411,252,43.42,1603,22.94
316,165555,141,25.53,1609,23.15
317,165944,62,17.75,1614,23.05
318,167047,71,19.06,1620,23.05
319,167512,344,64.67,1625,23.05
320,167876,134,24.82,1630,23.15
321,167976,231,39.55,1636,22.94
322,168003,73,19.32,1641,23.15
323,168129,287,50.23,1646,23.05
324,168273,451,113.08,1651,23.05
325,171688,89,21.05,1656,23.15
326,172205,319,57.64,1661,22.83
327,172852,74,19.44,1666,22.83
328,173282,147,26.19,1671,22.94
329,173438,83,20.46,1676,23.05
330,173450,51,15.86,1681,22.94
331,173887,56,16.76,1686,22.94
332,174320,143,25.74,1691,22.83
333,174555,96,21.67,1696,23.05
334,174716,79,20.03,1701,23.15
335,175117,135,24.92,1706,23.15
336,175699,103,22.23,1712,22.83
337,176038,159,27.66,1717,23.05
338,176694,173,29.64,1722,22.94
339,176933,89,21.05,1727,23.05
340,177590,78,19.92,1732,22.94
341,177686,561,174.17,1737,23.05
342,178243,327,59.28,1743,23.15
343,178276,59,17.27,1748,22.94
344,178653,71,19.06,1754,23.05
345,178682,71,19.06,1759,23.05
346,179777,193,32.84,1764,23.15
347,179932,94,21.50,1769,22.94
348,181385,817,712.06,1774,23.15
349,181537,51,15.86,1779,23.05
350,181982,89,21.05,1784,22.83
351,182472,70,18.93,1789,23.15
352,182501,287,50.23,1794,23.15
353,183015,49,15.48,1799,23.15
354,183034,88,20.96,1804,23.15
355,183556,184,31.36,1809,23.15
356,184851,76,19.69,1814,23.05
357,185170,63,17.91,1819,23.15
358,185263,281,48.90,1825,23.15
359,185521,156,27.28,1831,23.05
360,185790,457,118.95,1836,22.94
361,186614,51,15.86,1842,23.15
362,186701,99,21.91,1847,23.15
363,186977,213,36.33,1852,22.94
364,187103,127,24.18,1857,22.94
365,187423,231,39.55,1862,23.15
366,187860,79,20.03,1867,23.15
367,188397,63,17.91,1872,23.15
368,189585,396,85.28,1878,23.05
369,191663,53,16.22,1883,23.15
370,191727,440,109.25,1888,23.15
371,192023,49,15.48,1893,23.05
372,192114,53,16.22,1898,22.83
373,192390,92,21.32,1903,22.83
374,193028,82,20.36,1908,22.94
375,193316,281,48.90,1913,23.15
376,193458,71,19.06,1919,23.15
377,193545,346,64.94,1924,23.15
378,193702,504,143.61,1929,23.05
379,194456,295,51.75,1935,23.15
380,194751,152,26.78,1940,23.15
381,195723,103,22.23,1945,23.05
382,195881,254,43.77,1950,23.15
383,196622,291,50.97,1955,22.94
384,197074,346,64.94,1960,23.05
385,197354,265,45.75,1965,22.72
386,198169,188,32.01,1971,23.15
387,198933,81,20.25,1976,22.94
388,199196,135,24.92,1981,23.05
389,199291,103,22.23,1987,23.05
390,199497,62,17.75,1992,23.15
391,199949,115,23.18,1998,23.15
392,200197,60,17.43,2003,23.05
393,200599,51,15.86,2009,23.15
394,200833,101,22.08,2014,23.15
395,201544,146,26.08,2019,23.05
396,202365,103,22.23,2024,23.05
397,202907,85,20.67,2029,23.05
398,204561,391,82.35,2034,23.05
399,204596,254,43.77,2039,23.15
400,204952,121,23.66,2045,23.15
401,204960,91,21.23,2051,23.15
402,205058,83,20.46,2056,23.37
403,205090,51,15.86,2061,23.15
404,205184,403,88.99,2066,23.15
405,205440,448,112.41,2071,23.15
406,205702,53,16.22,2076,22.94
407,205834,89,21.05,2081,22.94
408,206344,179,30.55,2086,23.05
409,208234,71,19.06,2091,23.15
410,209290,568,189.84,2096,23.05
411,209731,67,18.51,2101,23.15
412,210694,92,21.32,2107,22.94
413,211072,70,18.93,2112,23.15
414,211428,60,17.43,2117,23.15
415,211943,153,26.90,2123,22.94
416,211960,350,66.46,2128,23.15
417,212063,62,17.75,2133,22.94
418,212669,472,125.87,2139,23.15
419,212981,127,24.18,2145,23.15
420,213233,133,24.73,2150,23.05
421,213256,345,64.98,2156,22.94
422,213767,71,19.06,2161,22.94
423,214102,112,22.94,2166,23.15
424,214140,253,43.55,2171,23.05
425,214165,51,15.86,2177,23.15
426,215212,345,64.98,2182,23.15
427,215221,61,17.60,2187,22.83
428,215866,323,58.48,2193,23.05
429,215970,249,42.85,2198,23.15
430,216065,71,19.06,2204,23.15
431,216151,133,24.73,2209,22.94
432,217456,115,23.18,2215,23.05
433,218157,53,16.22,2220,23.15
434,218536,63,17.91,2225,23.05
435,218995,51,15.86,2231,23.05
436,220727,96,21.67,2236,22.83
437,220987,60,17.43,2241,23.05
438,221846,97,21.75,2247,23.15
439,222195,231,39.55,2252,22.94
440,222210,67,18.51,2257,23.05
441,222743,344,64.67,2263,23.26
442,222909,78,19.92,2268,23.05
443,223062,60,17.43,2273,23.05
444,223488,94,21.50,2279,23.15
445,223646,399,87.30,2284,22.72
446,223794,67,18.51,2289,23.05
447,224064,403,88.99,2295,22.83
448,224188,56,16.76,2300,22.83
449,224642,60,17.43,2305,22.83
450,224852,94,21.50,2311,22.94
451,225373,51,15.86,2316,22.83
452,227222,216,36.85,2321,23.15
453,227329,63,17.91,2326,23.05
454,227549,71,19.06,2332,23.05
455,228098,69,18.79,2337,22.94
456,230053,142,25.64,2343,22.83
457,230609,216,36.85,2348,22.72
458,231964,248,42.69,2353,22.72
459,232286,536,160.18,2359,22.94
460,232469,240,41.21,2365,22.94
461,232873,282,49.11,2371,22.94
462,233682,63,17.91,2377,23.05
463,233737,377,76.28,2383,23.15
464,234944,71,19.06,2388,22.83
465,236015,188,32.01,2393,23.05
466,237010,60,17.43,2398,22.94
467,237027,71,19.06,2404,22.83
468,238246,103,22.23,2409,22.83
469,238384,79,20.03,2414,23.15
470,239723,79,20.03,2419,22.51
471,239883,79,20.03,2424,22.72
472,240685,52,16.04,2429,22.94
473,240863,156,27.28,2434,22.83
474,241863,75,19.57,2439,22.83
475,241940,227,38.83,2444,23.05
476,242536,121,23.66,2449,22.62
477,242627,69,18.79,2455,22.62
478,243033,60,17.43,2461,22.62
479,243762,89,21.05,2467,22.94
480,243982,114,23.10,2472,22.83
481,245221,71,19.06,2477,22.83
482,246238,75,19.57,2482,22.94
483,246612,73,19.32,2487,22.83
484,247789,68,18.65,2492,22.94
485,248444,440,109.25,2498,22.94
486,249942,140,25.42,2503,22.83
487,251276,85,20.67,2509,22.94
488,251310,287,50.23,2514,23.15
489,251506,167,28.76,2519,22.83
490,251776,53,16.22,2524,22.94
491,252145,63,17.91,2529,22.94
492,252719,56,16.76,2535,22.72
493,253173,254,43.77,2540,22.94
494,253704,83,20.46,2545,23.05
495,254027,71,19.06,2550,22.72
496,254062,218,37.23,2555,22.83
497,254907,125,24.00,2560,22.72
498,255233,309,55.01,2566,23.15
499,255351,390,82.70,2571,22.83
500,256228,92,21.32,2576,22.83
501,256285,60,17.43,2581,22.83
502,256478,615,227.36,2587,22.83
503,257693,71,19.06,2592,23.05
504,257951,85,20.67,2597,23.05
505,258308,154,27.02,2602,22.83
506,258513,135,24.92,2607,22.94
507,258835,67,18.51,2613,22.94
508,258882,56,16.76,2619,22.83
509,259141,79,20.03,2624,22.62
510,259203,71,19.06,2629,22.83
511,259513,121,23.66,2634,23.05
512,259841,261,45.09,2640,23.15
513,261157,99,21.91,2646,22.83
514,261509,56,16.76,2651,22.94
515,262631,184,31.36,2656,23.05
516,262640,83,20.46,2661,22.72
517,262824,78,19.92,2666,23.05
518,263129,419,97.20,2671,23.05
519,263265,94,21.50,2676,22.94
520,263848,49,15.48,2681,22.94
521,265320,408,90.57,2686,22.94
522,266145,112,22.94,2691,23.05
523,267105,269,46.58,2696,23.15
524,267593,93,21.41,2702,23.05
525,267709,88,20.96,2707,22.83
526,268918,50,15.67,2712,23.05
527,269101,510,148.47,2717,23.05
528,269546,166,28.62,2722,22.94
529,269891,71,19.06,2727,22.94
530,270970,107,22.55,2732,22.94
531,271249,108,22.63,2737,23.15
532,271287,71,19.06,2742,23.05
533,272344,240,41.21,2747,23.05
534,272377,185,31.51,2753,23.15
535,272615,103,22.23,2758,23.15
536,274016,67,18.51,2763,23.05
537,274208,71,19.06,2769,22.94
538,274907,140,25.42,2774,23.05
539,275649,62,17.75,2780,22.94
540,275816,575,187.30,2786,23.05
541,276357,49,15.48,2791,23.05
542,276732,57,16.93,2796,22.83
543,276905,140,25.42,2801,23.15
544,277002,238,40.82,2807,23.15
545,277978,271,46.93,2813,23.15
546,278120,483,132.60,2819,22.94
547,279524,71,19.06,2825,22.94
548,279788,199,33.86,2830,23.05
549,279949,102,22.15,2836,23.15
550,281209,51,15.86,2841,23.05
551,281558,57,16.93,2846,23.15
552,282161,89,21.05,2851,22.72
553,282432,195,33.17,2856,23.15
554,282793,88,20.96,2861,23.05
555,283096,280,48.67,2866,22.94
556,283746,56,16.76,2872,22.94
557,285441,131,24.54,2877,22.94
558,285883,53,16.22,2883,23.15
559,286419,227,38.83,2888,23.05
560,287410,63,17.91,2893,23.15
561,287425,56,16.76,2899,23.05
562,287460,63,17.91,2905,23.05
563,288543,51,15.86,2911,23.15
564,290274,519,154.30,2916,22.94
565,290355,281,48.90,2922,23.05
566,291408,149,26.42,2928,23.15
567,291432,252,43.42,2933,22.83
568,291446,159,27.66,2939,22.83
569,292381,490,139.21,2944,22.94
570,292942,71,19.06,2950,23.05
571,293009,179,30.55,2955,22.94
572,293547,60,17.43,2960,23.15
573,293597,268,46.26,2966,23.05
574,293638,50,15.67,2972,23.15
575,294979,110,22.78,2977,22.83
576,295529,53,16.22,2982,22.94
577,295648,60,17.43,2987,23.15
578,296045,63,17.91,2993,23.15
579,296185,76,19.69,2999,23.05
580,297075,56,16.76,3004,23.05
581,297668,152,26.78,3009,23.15
582,298500,89,21.05,3014,23.05
583,298819,83,20.46,3019,23.05
584,299328,88,20.96,3024,23.05
585,299931,56,16.76,3029,22.94
586,300404,67,18.51,3034,22.94
587,301189,79,20.03,3040,23.15
588,301389,240,41.21,3045,22.94
589,301708,211,35.96,3051,22.83
590,302665,62,17.75,3056,22.94
591,305319,569,185.56,3062,23.05
592,306188,89,21.05,3067,23.15
593,306210,59,17.27,3072,23.15
594,307365,85,20.67,3078,23.05
595,307786,62,17.75,3083,22.94
596,308564,357,68.97,3089,23.15
597,309138,50,15.67,3094,22.83
598,309524,97,21.75,3099,23.05
599,309767,63,17.91,3104,23.05
600,310894,108,22.63,3110,22.94
601,310929,113,23.02,3115,23.15
602,311250,224,38.29,3120,22.94
603,311312,71,19.06,3125,22.83
604,312768,216,36.85,3130,23.15
605,312982,90,21.14,3135,22.83
606,313046,70,18.93,3140,23.15
607,313479,56,16.76,3145,22.72
608,313688,216,36.85,3150,23.05
609,314027,88,20.96,3155,22.62
610,314089,61,17.60,3160,22.72
611,314117,120,23.58,3166,22.72
612,315183,198,33.69,3172,22.51
613,315547,238,40.82,3177,22.72
614,316304,332,61.17,3183,22.72
615,316499,79,20.03,3188,22.40
616,316746,255,43.96,3193,23.05
617,316779,748,436.69,3198,22.72
618,316801,280,48.67,3203,22.83
619,318117,51,15.86,3209,22.83
620,319617,224,38.29,3214,22.72
621,320074,159,27.66,3219,22.94
622,320204,217,37.04,3224,22.94
623,320331,108,22.63,3229,22.83
624,320388,70,18.93,3234,22.83
625,321416,211,35.96,3239,22.83
626,321765,53,16.22,3244,22.72
627,321910,71,19.06,3249,22.83
628,322475,88,20.96,3254,22.72
629,323125,124,23.92,3259,22.83
630,323476,327,59.28,3265,22.62
631,323486,339,62.98,3270,22.72
632,323884,98,21.83,3275,22.83
633,324540,207,35.26,3280,22.83
634,324588,79,20.03,3285,22.72
635,324794,92,21.32,3290,22.83
636,324805,51,15.86,3295,22.72
637,325690,63,17.91,3300,22.62
638,326327,69,18.79,3306,22.94
639,326614,71,19.06,3312,23.05
640,327131,179,30.55,3317,22.94
641,330487,53,16.22,3322,22.83
642,330915,152,26.78,3327,22.94
643,332338,56,16.76,3332,22.83
644,333428,56,16.76,3337,22.72
645,333903,281,48.90,3342,23.05
646,334217,188,32.01,3348,23.05
647,334330,89,21.05,3353,22.94
648,335806,312,55.68,3358,22.83
649,335950,124,23.92,3363,22.83
650,336123,220,37.58,3369,22.72
651,337229,300,52.79,3374,22.62
652,337249,56,16.76,3379,23.05
653,337423,126,24.09,3384,22.72
654,338068,63,17.91,3390,22.72
655,339091,63,17.91,3396,22.72
656,339319,70,18.93,3402,22.72
657,339407,295,51.75,3407,22.94
658,340169,319,57.64,3412,22.83
659,340754,334,61.44,3417,22.72
660,340927,120,23.58,3422,22.94
661,341112,70,18.93,3428,22.83
662,342092,275,47.73,3434,23.05
663,342352,96,21.67,3440,22.94
664,343904,49,15.48,3445,23.15
665,344983,121,23.66,3450,22.62
666,345188,99,21.91,3456,22.72
667,345280,359,69.86,3461,22.72
668,345897,62,17.75,3466,22.72
669,346749,51,15.86,3472,22.83
670,347015,120,23.58,3477,22.83
671,347421,112,22.94,3483,22.51
672,347446,57,16.93,3488,22.94
673,347461,329,59.91,3494,22.94
674,347528,121,23.66,3499,22.94
675,347673,216,36.85,3505,22.83
676,349305,245,42.08,3510,22.83
677,349423,114,23.10,3516,22.83
678,350177,96,21.67,3521,22.72
679,350195,60,17.43,3526,22.62
680,350399,56,16.76,3532,22.72
681,350673,551,164.56,3537,22.83
682,351464,83,20.46,3543,22.94
683,352450,295,51.75,3548,22.72
684,353413,67,18.51,3553,22.83
685,353459,70,18.93,3559,22.72
686,353762,108,22.63,3565,22.72
687,354702,57,16.93,3570,22.83
688,356501,75,19.57,3575,22.72
689,356539,94,21.50,3580,23.05
690,356576,167,28.76,3585,22.83
691,356834,71,19.06,3590,22.72
692,358616,124,23.92,3595,22.83
693,359838,261,45.09,3601,22.72
694,360660,444,109.09,3607,22.72
695,361223,299,52.61,3612,22.83
696,361412,126,24.09,3617,22.72
697,361803,267,46.14,3623,22.94
698,362422,60,17.43,3629,22.72
699,363443,78,19.92,3635,22.94
700,363486,96,21.67,3640,22.83
701,363563,83,20.46,3645,22.83
702,363573,451,113.08,3650,22.83
703,364050,67,18.51,3655,22.62
704,364512,99,21.91,3661,22.83
705,365562,433,104.37,3666,22.72
706,365703,211,35.96,3671,22.83
707,365714,115,23.18,3676,22.83
708,367063,60,17.43,3682,22.94
709,367551,263,45.37,3688,22.62
710,367650,89,21.05,3694,22.72
711,369256,67,18.51,3699,22.94
712,369869,61,17.60,3705,22.94
713,370287,231,39.55,3711,22.72
714,370316,270,46.71,3716,22.62
715,370384,62,17.75,3722,22.83
716,370528,492,134.92,3728,22.72
717,372253,147,26.19,3734,22.72
718,373548,455,117.03,3739,22.72
719,373558,280,48.67,3744,22.62
720,374068,81,20.25,3750,22.83
721,374334,143,25.74,3755,22.83
722,374506,79,20.03,3760,22.94
723,376060,57,16.93,3765,22.94
724,376217,249,42.85,3770,22.51
725,376820,91,21.23,3776,22.83
726,377105,49,15.48,3781,22.62
727,377285,83,20.46,3786,22.72
728,378054,79,20.03,3791,22.94
729,378244,81,20.25,3796,22.94
730,378523,319,57.64,3801,22.94
731,379018,67,18.51,3806,22.72
732,379281,78,19.92,3812,22.83
733,379780,156,27.28,3817,22.72
734,380032,99,21.91,3822,22.83
735,380226,344,64.67,3827,22.94
736,380657,70,18.93,3832,22.72
737,381955,319,57.64,3838,22.72
738,382234,112,22.94,3843,22.83
739,382283,88,20.96,3848,22.94
740,383285,57,16.93,3853,22.83
741,383302,448,112.41,3858,22.72
742,383488,334,61.44,3864,23.15
743,383854,295,51.75,3869,23.05
744,384576,62,17.75,3874,22.94
745,384681,71,19.06,3880,22.72
746,384913,192,32.67,3885,22.94
747,384960,60,17.43,3890,22.72
748,385730,92,21.32,3896,22.72
749,385944,51,15.86,3901,22.62
750,386032,110,22.78,3906,22.83
751,386475,79,20.03,3911,22.83
752,386558,105,22.39,3916,22.83
753,387121,615,227.36,3921,22.62
754,387134,56,16.76,3926,22.51
755,388117,63,17.91,3932,22.83
756,388164,145,25.96,3938,22.51
757,388308,147,26.19,3944,22.94
758,388341,112,22.94,3949,22.94
759,389192,53,16.22,3955,23.05
760,390530,304,53.73,3960,22.83
761,391168,294,51.51,3965,22.94
762,391415,141,25.53,3970,22.94
763,391854,67,18.51,3976,22.83
764,392082,63,17.91,3982,22.72
765,392160,83,20.46,3988,22.72
766,392602,199,33.86,3993,22.94
767,392694,81,20.25,3998,22.94
768,393376,224,38.29,4003,22.51
769,393476,56,16.76,4008,22.62
770,393803,467,121.56,4013,22.62
771,393950,352,66.89,4018,22.83
772,394027,99,21.91,4023,22.72
773,395095,316,56.81,4028,22.72
774,396127,89,21.05,4033,22.83
775,397249,142,25.64,4038,23.05
776,397875,79,20.03,4043,22.94
777,397969,120,23.58,4048,22.72
778,398359,88,20.96,4054,22.83
779,398714,155,27.15,4059,22.94
780,399635,334,61.44,4064,22.83
781,400151,364,71.71,4069,22.72
782,401304,120,23.58,4074,23.05
783,401344,108,22.63,4080,22.94
784,403085,670,272.62,4085,23.05
785,403924,96,21.67,4090,22.72
786,404284,51,15.86,4095,22.72
787,405647,487,132.65,4100,22.94
788,405791,348,65.64,4106,22.94
789,405831,51,15.86,4111,22.83
790,406421,51,15.86,4116,22.94
791,407066,61,17.60,4121,22.83
792,407075,57,16.93,4127,22.94
793,407323,99,21.91,4133,22.83
794,407777,103,22.23,4138,22.83
795,408074,204,34.73,4143,23.05
796,408462,63,17.91,4148,22.83
797,408531,51,15.86,4154,23.05
798,408592,82,20.36,4159,22.94
799,409267,57,16.93,4164,23.05
800,409396,333,61.18,4169,23.05
801,409698,63,17.91,4174,23.05
802,410392,71,19.06,4180,23.05
803,410667,56,16.76,4185,22.83
804,412453,71,19.06,4190,22.94
805,412486,51,15.86,4195,22.72
806,412497,368,72.93,4200,22.94
807,412888,255,43.96,4205,22.94
808,413111,92,21.32,4210,23.05
809,413212,57,16.93,4215,22.94
810,413447,103,22.23,4220,22.94
811,414121,89,21.05,4225,22.94
812,414484,74,19.44,4230,22.94
813,414608,63,17.91,4235,22.83
814,415027,206,35.07,4241,22.94
815,415271,167,28.76,4246,22.94
816,415400,56,16.76,4251,23.15
817,415693,78,19.92,4256,22.94
818,416677,79,20.03,4261,22.94
819,417437,185,31.51,4266,22.94
820,417882,71,19.06,4271,22.94
821,417978,71,19.06,4276,23.05
822,418673,120,23.58,4281,22.94
823,419602,83,20.46,4287,22.94
824,419786,108,22.63,4292,22.94
825,420640,120,23.58,4297,22.94
826,420722,75,19.57,4303,22.94
827,420894,79,20.03,4308,22.94
828,421257,147,26.19,4313,22.94
829,422174,83,20.46,4318,23.15
830,422715,268,46.26,4323,23.05
831,423851,51,15.86,4329,23.05
832,424899,167,28.76,4334,22.94
833,425891,120,23.58,4339,22.94
834,426256,67,18.51,4345,23.05
835,426423,608,202.86,4351,22.83
836,426925,179,30.55,4356,22.83
837,427424,50,15.67,4361,22.83
838,427909,563,181.65,4366,22.94
839,428010,62,17.75,4372,23.05
840,428417,77,19.81,4378,23.05
841,429538,69,18.79,4383,22.83
842,430744,71,19.06,4389,22.94
843,430965,176,30.09,4394,23.05
844,430990,172,29.49,4399,23.05
845,431012,50,15.67,4404,22.83
846,431143,83,20.46,4409,23.15
847,431318,78,19.92,4414,22.94
848,431361,268,46.26,4419,22.83
849,431382,59,17.27,4425,22.94
850,432388,332,61.17,4431,23.05
851,433159,103,22.23,4436,22.94
852,433560,76,19.69,4441,22.94
853,433797,263,45.37,4446,22.83
854,434560,440,109.25,4452,22.94
855,434606,346,64.94,4457,23.05
856,435887,49,15.48,4462,22.94
857,435904,167,28.76,4467,22.72
858,436090,131,24.54,4472,22.83
859,437831,195,33.17,4478,22.94
860,438291,71,19.06,4483,23.05
861,438415,262,45.24,4488,23.15
862,438561,231,39.55,4494,22.94
863,438779,67,18.51,4499,23.15
864,439806,89,21.05,4505,22.83
865,439970,361,70.62,4510,22.83
866,440145,57,16.93,4515,22.94
867,440705,57,16.93,4520,22.94
868,442110,63,17.91,4525,23.05
869,442166,300,52.79,4531,23.15
870,442299,97,21.75,4536,22.83
871,442387,312,55.68,4541,23.05
872,442577,255,43.96,4546,23.05
873,443336,63,17.91,4551,22.83
874,443523,270,46.71,4557,23.05
875,443879,295,51.75,4563,23.15
876,444316,271,46.93,4568,23.05
877,444425,193,32.84,4574,22.94
878,445627,103,22.23,4579,22.83
879,446501,112,22.94,4584,23.05
880,447212,126,24.09,4589,22.94
881,447249,101,22.08,4595,23.15
882,447844,103,22.23,4600,23.15
883,447961,79,20.03,4605,22.83
884,448899,101,22.08,4610,23.05
885,449046,83,20.46,4615,23.05
886,449518,73,19.32,4620,23.15
887,449581,96,21.67,4625,23.05
888,449902,76,19.69,4630,23.15
889,450466,243,41.74,4635,23.05
890,451294,172,29.49,4641,22.94
891,452445,71,19.06,4646,23.15
892,453185,176,30.09,4651,22.83
893,453647,231,39.55,4656,23.15
894,453727,112,22.94,4661,22.94
895,454072,271,46.93,4666,23.05
896,455099,135,24.92,4672,23.05
897,455378,83,20.46,4678,23.05
898,456227,57,16.93,4683,23.05
899,456963,231,39.55,4688,22.94
900,457444,51,15.86,4693,22.94
901,459579,77,19.81,4698,22.83
902,459835,56,16.76,4703,23.05
903,459907,79,20.03,4708,23.15
904,460699,455,117.03,4713,23.15
905,461155,142,25.64,4718,23.05
906,461257,83,20.46,4723,22.94
907,461305,227,38.83,4728,23.05
908,461516,319,57.64,4733,22.83
909,462312,60,17.43,4738,23.05
910,463131,112,22.94,4744,22.94
911,463889,359,69.86,4749,23.05
912,466356,222,37.96,4754,22.72
913,467050,248,42.69,4759,23.05
914,467804,74,19.44,4765,22.83
915,468448,51,15.86,4770,22.94
916,468643,487,132.65,4775,22.94
917,469075,56,16.76,4781,22.94
918,469261,76,19.69,4786,22.94
919,469328,332,61.17,4791,23.05
920,469380,88,20.96,4796,23.05
921,470496,450,114.31,4801,22.83
922,470942,231,39.55,4806,23.05
923,472708,51,15.86,4811,23.05
924,472873,423,97.36,4816,22.83
925,473068,423,97.36,4821,23.05
926,473377,147,26.19,4826,23.05
927,474138,96,21.67,4831,23.05
928,474324,99,21.91,4836,22.83
929,475914,304,53.73,4841,23.05
930,476357,67,18.51,4846,23.05
931,476957,217,37.04,4852,22.94
932,477550,199,33.86,4857,22.51
933,477596,63,17.91,4862,22.83
934,477701,96,21.67,4868,22.62
935,479619,71,19.06,4873,22.72
936,479709,88,20.96,4878,22.72
937,479820,83,20.46,4883,22.72
938,479964,67,18.51,4888,22.83
939,480686,58,17.10,4894,23.05
940,481185,408,90.57,4899,22.83
941,481374,216,36.85,4904,22.83
942,482465,71,19.06,4909,22.72
943,482915,56,16.76,4914,22.94
944,483344,275,47.73,4919,22.94
945,483675,108,22.63,4925,22.94
946,483794,306,54.23,4930,22.83
947,484166,334,61.44,4935,22.72
948,484360,76,19.69,4940,23.05
949,484915,81,20.25,4945,22.94
950,485486,67,18.51,4950,22.94
951,485537,409,91.12,4956,22.83
952,486598,53,16.22,4961,22.94
953,487329,103,22.23,4966,22.94
954,488676,120,23.58,4971,22.72
955,489313,147,26.19,4977,22.94
956,489891,71,19.06,4982,22.83
957,493014,76,19.69,4987,22.94
958,494643,131,24.54,4992,23.05
959,496311,57,16.93,4998,22.83
960,496432,415,95.00,5003,23.15
961,496448,96,21.67,5008,23.05
962,496979,88,20.96,5013,22.94
963,497315,67,18.51,5018,23.15
964,497342,291,50.97,5024,22.94
965,497945,255,43.96,5030,22.94
966,498799,63,17.91,5035,23.05
967,498926,531,160.62,5041,22.94
968,499179,109,22.70,5047,23.15
969,500802,252,43.42,5052,23.05
970,500833,327,59.28,5058,22.94
971,502107,313,56.02,5064,23.05
972,502552,92,21.32,5069,22.94
973,503237,231,39.55,5074,23.15
974,503743,96,21.67,5079,23.15
975,504409,600,203.87,5084,23.15
976,504813,83,20.46,5089,22.94
977,505311,313,56.02,5094,23.15
978,505501,94,21.50,5099,23.05
979,506147,51,15.86,5104,23.05
980,506265,56,16.76,5109,23.15
981,509376,88,20.96,5114,23.05
982,509426,295,51.75,5119,22.83
983,509489,206,35.07,5124,22.83
984,510326,636,231.85,5129,23.15
985,511762,81,20.25,5134,23.05
986,511975,281,48.90,5139,23.15
987,512011,50,15.67,5145,23.05
988,512064,327,59.28,5150,23.15
989,512137,99,21.91,5155,23.05
990,513302,184,31.36,5160,23.05
991,513465,199,33.86,5165,23.15
992,513575,51,15.86,5170,22.94
993,514540,79,20.03,5175,23.05
994,514966,316,56.81,5180,22.94
995,515531,481,129.57,5185,23.15
996,517319,63,17.91,5191,23.05
997,517783,287,50.23,5197,23.15
998,518165,70,18.93,5202,23.05
999,518890,83,20.46,5207,22.94
1000,518960,67,18.51,5212,23.15
1001,519132,194,33.00,5218,23.15
1002,519695,159,27.66,5223,23.15
1003,520357,103,22.23,5228,23.15
1004,520632,551,164.56,5233,23.05
1005,520886,99,21.91,5239,22.94
1006,521428,121,23.66,5244,23.15
1007,521585,505,145.23,5250,23.15
1008,521736,127,24.18,5256,23.05
1009,522211,252,43.42,5262,23.15
1010,522589,73,19.32,5268,22.94
1011,522986,62,17.75,5274,23.15
1012,524029,71,19.06,5280,23.05
1013,526004,56,16.76,5286,23.15
1014,526034,262,45.24,5292,23.15
1015,526058,63,17.91,5298,23.15
1016,526442,83,20.46,5304,23.15
1017,526478,224,38.29,5309,22.94
1018,526695,83,20.46,5315,23.37
1019,527521,57,16.93,5320,23.05
1020,527720,63,17.91,5326,23.05
1021,528168,71,19.06,5332,22.94
1022,529184,60,17.43,5338,23.15
1023,530985,531,160.62,5344,23.15
1024,531375,135,24.92,5350,23.05
1025,531475,89,21.05,5356,23.05
1026,531855,233,39.92,5361,23.15
1027,532089,79,20.03,5367,22.94
1028,532321,63,17.91,5372,22.94
1029,532981,199,33.86,5378,23.05
1030,533537,335,61.77,5383,23.15
1031,533878,83,20.46,5388,23.37
1032,534079,156,27.28,5393,23.15
1033,534749,51,15.86,5398,23.15
1034,535077,185,31.51,5403,23.15
1035,536856,57,16.93,5408,23.05
1036,537292,108,22.63,5414,23.15
1037,537480,106,22.47,5419,23.15
1038,537988,284,49.41,5424,23.15
1039,538086,60,17.43,5430,22.83
1040,538880,131,24.54,5436,23.15
1041,539924,771,600.02,5442,23.15
1042,540315,300,52.79,5447,23.05
1043,540471,51,15.86,5453,23.37
1044,540613,398,85.63,5458,23.15
1045,541440,357,68.97,5463,23.15
1046,541480,99,21.91,5468,23.15
1047,541524,66,18.36,5473,22.94
1048,542248,89,21.05,5479,23.37
1049,544006,127,24.18,5484,22.83
1050,544259,51,15.86,5490,23.15
1051,545003,393,83.55,5495,23.15
1052,545208,78,19.92,5500,23.05
1053,545547,115,23.18,5505,23.05
1054,546204,217,37.04,5511,23.15
1055,546311,316,56.81,5516,23.15
1056,546619,83,20.46,5521,23.15
1057,547644,63,17.91,5526,23.05
1058,548721,252,43.42,5532,23.15
1059,548928,563,181.65,5538,22.83
1060,549218,89,21.05,5544,23.37
1061,549288,204,34.73,5549,22.94
1062,549471,54,16.41,5554,23.15
1063,549848,73,19.32,5559,23.15
1064,550099,376,76.43,5564,23.15
1065,550351,306,54.23,5569,22.94
1066,550424,131,24.54,5575,23.05
1067,550455,135,24.92,5581,23.15
1068,550847,99,21.91,5587,22.94
1069,551534,96,21.67,5592,23.05
1070,552046,312,55.68,5597,23.05
1071,552052,53,16.22,5602,23.15
1072,552168,60,17.43,5607,23.05
1073,554497,455,117.03,5613,23.15
1074,554536,83,20.46,5619,23.15
1075,554902,192,32.67,5624,23.15
1076,555614,192,32.67,5629,23.15
1077,555713,440,109.25,5634,23.15
1078,556648,167,28.76,5639,23.15
1079,558112,71,19.06,5644,23.15
1080,558161,127,24.18,5649,22.83
1081,558642,369,73.42,5655,23.15
1082,561027,195,33.17,5660,22.94
1083,561457,57,16.93,5665,22.94
1084,561908,422,97.97,5671,23.15
1085,562231,217,37.04,5676,23.05
1086,562364,319,57.64,5681,23.05
1087,562463,131,24.54,5686,23.15
1088,562753,83,20.46,5692,22.83
1089,563149,131,24.54,5697,23.15
1090,563552,88,20.96,5703,23.15
1091,563682,53,16.22,5708,23.05
1092,565007,71,19.06,5713,23.05
1093,565680,82,20.36,5719,23.15
1094,565915,73,19.32,5724,23.15
1095,566084,114,23.10,5730,23.15
1096,566378,88,20.96,5736,23.15
1097,566547,120,23.58,5741,23.15
1098,566736,50,15.67,5747,23.15
1099,567050,167,28.76,5752,23.05
1100,568767,504,143.61,5757,23.15
1101,569936,71,19.06,5763,23.15
1102,571108,103,22.23,5769,23.05
1103,571620,81,20.25,5774,23.15
1104,571963,440,109.25,5779,23.05
1105,572417,419,97.20,5784,23.15
1106,572633,114,23.10,5789,23.05
1107,573243,66,18.36,5795,23.05
1108,573342,131,24.54,5801,23.15
1109,573448,98,21.83,5807,23.15
1110,574038,92,21.32,5812,23.15
1111,574371,51,15.86,5817,23.15
1112,574740,103,22.23,5822,23.15
1113,575115,131,24.54,5827,23.15
1114,575198,51,15.86,5833,23.15
1115,575342,153,26.90,5838,23.15
1116,575528,78,19.92,5844,23.15
1117,575797,345,64.98,5849,23.15
1118,576009,338,62.67,5854,23.05
1119,576581,56,16.76,5859,23.15
1120,576641,79,20.03,5865,23.15
1121,577390,53,16.22,5870,23.15
1122,577397,63,17.91,5875,23.05
1123,577523,327,59.28,5881,23.15
1124,577607,56,16.76,5887,23.05
1125,577893,585,189.11,5893,23.15
1126,579661,193,32.84,5899,23.05
1127,579776,66,18.36,5904,23.15
1128,580162,195,33.17,5910,23.05
1129,580504,237,40.69,5915,23.15
1130,581111,120,23.58,5921,23.26
1131,581443,56,16.76,5927,23.15
1132,582043,508,144.95,5933,23.15
1133,582516,204,34.73,5939,23.15
1134,583148,93,21.41,5944,23.15
1135,583236,135,24.92,5949,23.15
1136,583321,185,31.51,5955,22.94
1137,583443,56,16.76,5960,22.94
1138,583736,76,19.69,5966,23.37
1139,584755,71,19.06,5971,23.15
1140,584780,83,20.46,5977,23.15
1141,585271,579,187.32,5983,23.05
1142,585375,89,21.05,5989,23.05
1143,585733,430,101.41,5994,23.15
1144,586292,124,23.92,5999,23.15
1145,587645,76,19.69,6005,23.15
1146,588232,71,19.06,6010,23.05
1147,589082,60,17.43,6016,23.05
1148,589214,210,35.78,6022,23.15
1149,589274,231,39.55,6027,23.15
1150,590423,316,56.81,6033,23.15
1151,591086,58,17.10,6038,23.05
1152,591267,99,21.91,6044,23.15
1153,591471,172,29.49,6049,22.94
1154,592516,83,20.46,6054,23.15
1155,593373,271,46.93,6059,23.15
1156,593456,56,16.76,6065,23.15
1157,593615,117,23.34,6071,23.15
1158,594167,78,19.92,6077,23.05
1159,594742,108,22.63,6082,22.94
1160,594984,399,87.30,6087,23.15
1161,596216,262,45.24,6092,23.15
1162,596535,192,32.67,6098,23.15
1163,597270,287,50.23,6103,23.15
1164,597317,67,18.51,6109,23.15
1165,597580,62,17.75,6115,23.15
1166,598013,88,20.96,6121,23.15
1167,598469,348,65.64,6126,23.15
1168,598727,192,32.67,6131,23.05
1169,599222,231,39.55,6136,23.05
1170,600017,77,19.81,6142,23.15
1171,601742,85,20.67,6147,23.05
1172,601757,142,25.64,6152,23.15
1173,603183,79,20.03,6158,23.15
1174,603319,277,48.09,6163,23.15
1175,604258,368,72.93,6169,23.37
1176,605132,135,24.92,6174,22.83
1177,606837,62,17.75,6180,23.05
1178,607488,57,16.93,6186,23.15
1179,607822,207,35.26,6192,23.15
1180,608233,270,46.71,6197,23.05
1181,608460,76,19.69,6203,23.05
1182,609018,97,21.75,6208,23.15
1183,609074,419,97.20,6213,23.15
1184,609801,71,19.06,6218,23.05
1185,610229,67,18.51,6224,23.15
1186,610849,371,73.82,6230,22.83
1187,611347,82,20.36,6235,23.05
1188,611959,231,39.55,6240,23.15
1189,612021,207,35.26,6246,23.15
1190,613266,263,45.37,6251,22.94
1191,613598,222,37.96,6257,23.05
1192,615153,295,51.75,6262,23.15
1193,615785,71,19.06,6268,23.15
1194,616094,56,16.76,6274,23.15
1195,616154,79,20.03,6280,23.15
1196,616402,56,16.76,6285,23.15
1197,616716,70,18.93,6291,23.15
1198,616931,472,125.87,6297,23.15
1199,617284,83,20.46,6303,23.15
1200,617367,108,22.63,6308,23.15
1201,617517,287,50.23,6313,23.15
1202,618110,56,16.76,6319,23.15
1203,618504,50,15.67,6325,23.15
1204,618885,76,19.69,6330,23.15
1205,619062,261,45.09,6335,23.15
1206,619384,62,17.75,6341,23.15
1207,620353,51,15.86,6347,23.15
1208,621034,60,17.43,6352,23.15
1209,621202,120,23.58,6358,23.15
1210,621245,89,21.05,6364,23.15
1211,622333,97,21.75,6369,23.05
1212,622603,193,32.84,6374,23.15
1213,623006,62,17.75,6379,23.15
1214,623039,76,19.69,6385,23.15
1215,623265,89,21.05,6390,23.15
1216,623478,494,141.37,6395,23.15
1217,623774,419,97.20,6401,23.15
1218,623886,344,64.67,6406,23.15
1219,624138,71,19.06,6411,23.05
1220,624857,63,17.91,6417,23.05
1221,625024,368,72.93,6423,23.15
1222,625287,146,26.08,6428,22.83
1223,625555,76,19.69,6434,23.37
1224,625863,105,22.39,6439,23.15
1225,626539,71,19.06,6444,23.05
1226,627117,313,56.02,6450,23.15
1227,627414,56,16.76,6455,23.15
1228,627725,71,19.06,6461,23.15
1229,627907,56,16.76,6467,23.15
1230,627916,384,80.08,6473,23.15
1231,627980,285,49.78,6479,23.15
1232,628279,313,56.02,6485,23.15
1233,628661,242,41.58,6490,23.15
1234,629211,63,17.91,6496,23.15
1235,630030,56,16.76,6502,23.15
1236,630249,79,20.03,6508,23.15
1237,630291,73,19.32,6513,23.15
1238,630646,60,17.43,6518,23.15
1239,631719,287,50.23,6524,23.05
1240,632152,67,18.51,6530,23.05
1241,632399,77,19.81,6536,23.15
1242,632540,62,17.75,6541,23.15
1243,633031,590,200.72,6547,23.05
1244,633364,76,19.69,6553,23.15
1245,633961,71,19.06,6558,23.15
1246,634257,137,25.12,6564,23.15
1247,634321,124,23.92,6570,23.15
1248,634734,53,16.22,6576,23.05
1249,635116,408,90.57,6581,23.15
1250,636049,101,22.08,6586,23.15
1251,636067,57,16.93,6591,23.15
1252,636491,60,17.43,6597,23.15
1253,637245,63,17.91,6603,23.15
1254,637662,88,20.96,6609,23.37
1255,639040,184,31.36,6614,23.48
1256,639492,83,20.46,6619,22.94
1257,639761,79,20.03,6624,23.15
1258,640569,88,20.96,6629,23.15
1259,641350,67,18.51,6634,23.05
1260,641599,71,19.06,6640,23.15
1261,643161,96,21.67,6646,23.05
1262,643616,505,145.23,6651,23.15
1263,644143,51,15.86,6657,23.15
1264,644470,432,101.61,6662,23.37
1265,644773,287,50.23,6667,23.05
1266,645620,63,17.91,6673,23.05
1267,645798,88,20.96,6679,23.15
1268,646634,184,31.36,6684,23.15
1269,647771,66,18.36,6689,23.15
1270,647860,145,25.96,6695,23.15
1271,647940,112,22.94,6701,23.15
1272,648833,226,38.63,6707,23.15
1273,649335,481,129.57,6713,23.15
1274,649495,63,17.91,6719,23.15
1275,650022,143,25.74,6725,23.15
1276,650155,90,21.14,6731,23.15
1277,650360,719,344.94,6736,23.15
1278,650683,172,29.49,6741,22.94
1279,650994,140,25.42,6746,23.15
1280,651384,88,20.96,6752,23.05
1281,651797,89,21.05,6757,23.15
1282,653063,88,20.96,6762,23.15
1283,653809,63,17.91,6767,23.05
1284,653870,56,16.76,6773,23.37
1285,654718,184,31.36,6779,22.94
1286,654980,92,21.32,6784,23.15
1287,656148,63,17.91,6789,23.15
1288,656513,76,19.69,6795,22.94
1289,656927,103,22.23,6800,23.05
1290,657430,192,32.67,6805,23.15
1291,657456,66,18.36,6810,23.15
1292,658823,96,21.67,6816,23.15
1293,658979,57,16.93,6821,22.94
1294,658991,60,17.43,6827,23.05
1295,659059,63,17.91,6833,23.15
1296,659246,199,33.86,6839,23.05
1297,659470,57,16.93,6844,23.15
1298,660732,377,76.28,6850,23.15
1299,660902,124,23.92,6855,23.05
1300,661479,677,286.87,6861,23.15
1301,662124,79,20.03,6866,23.15
1302,662177,63,17.91,6871,23.15
1303,662194,71,19.06,6877,23.15
1304,662858,103,22.23,6883,23.15
1305,663020,357,68.97,6888,22.72
1306,663812,67,18.51,6893,23.05
1307,663910,135,24.92,6899,23.05
1308,664080,178,30.40,6905,23.15
1309,664646,124,23.92,6910,22.94
1310,664790,121,23.66,6916,23.15
1311,668314,210,35.78,6922,23.15
1312,669424,112,22.94,6927,22.94
1313,669688,63,17.91,6933,22.83
1314,669772,71,19.06,6939,22.83
1315,670010,56,16.76,6945,22.94
1316,670496,49,15.48,6951,23.05
1317,670552,56,16.76,6956,22.94
1318,670560,51,15.86,6962,22.94
1319,671387,287,50.23,6967,22.94
1320,673161,255,43.96,6973,22.94
1321,673426,335,61.77,6978,22.83
1322,673909,70,18.93,6983,23.05
1323,674402,120,23.58,6989,23.05
1324,675571,460,119.54,6995,22.83
1325,676086,199,33.86,7001,22.83
1326,676214,57,16.93,7006,22.72
1327,676450,63,17.91,7012,22.83
1328,676564,88,20.96,7018,22.83
1329,676628,85,20.67,7023,23.15
1330,677264,185,31.51,7028,22.94
1331,677639,220,37.58,7033,22.94
1332,677686,117,23.34,7038,22.94
1333,679628,78,19.92,7044,22.83
1334,679764,56,16.76,7049,22.83
1335,679968,56,16.76,7055,22.62
1336,680032,92,21.32,7061,22.83
1337,680464,69,18.79,7066,22.83
1338,680480,207,35.26,7072,22.83
1339,680845,62,17.75,7077,23.15
1340,681146,426,100.89,7083,22.94
1341,681280,287,50.23,7088,22.94
1342,682375,159,27.66,7094,23.05
1343,683734,399,87.30,7099,23.05
1344,684006,88,20.96,7104,22.72
1345,684694,97,21.75,7109,22.83
1346,685427,312,55.68,7114,22.83
1347,686218,97,21.75,7119,22.94
1348,686229,113,23.02,7124,23.15
1349,686840,467,121.56,7130,22.83
1350,686946,115,23.18,7136,23.15
1351,688070,63,17.91,7142,22.94
1352,688477,384,80.08,7148,22.94
1353,688908,71,19.06,7153,23.05
1354,689550,76,19.69,7159,22.83
1355,689678,67,18.51,7164,22.83
1356,689796,147,26.19,7170,22.83
1357,690409,63,17.91,7176,22.94
1358,691130,63,17.91,7182,22.94
1359,691352,370,73.62,7188,22.83
1360,691716,241,41.39,7193,23.05
1361,694215,93,21.41,7199,23.05
1362,694567,291,50.97,7204,23.15
1363,695005,69,18.79,7210,22.94
1364,695411,440,109.25,7216,22.72
1365,695483,127,24.18,7221,23.05
1366,695952,102,22.15,7227,23.05
1367,696120,103,22.23,7232,23.15
1368,696431,184,31.36,7237,22.94
1369,696595,177,30.25,7242,22.72
1370,696632,305,53.88,7247,23.05
1371,697123,99,21.91,7253,23.15
1372,698618,83,20.46,7258,23.15
1373,699832,472,125.87,7263,22.94
1374,700379,384,80.08,7269,22.72
1375,701106,66,18.36,7274,23.15
1376,701428,63,17.91,7280,22.83
1377,702396,355,68.30,7286,22.62
1378,702630,186,31.68,7291,22.83
1379,702929,199,33.86,7296,23.15
1380,703302,63,17.91,7302,23.05
1381,705161,193,32.84,7308,22.83
1382,706273,387,81.05,7313,23.05
1383,706508,97,21.75,7318,23.05
1384,706583,248,42.69,7323,22.94
1385,706828,399,87.30,7329,22.94
1386,708538,359,69.86,7334,23.05
1387,710309,357,68.97,7339,22.94
1388,710628,77,19.81,7344,23.15
1389,710778,88,20.96,7349,23.15
1390,710994,53,16.22,7354,23.05
1391,711069,92,21.32,7359,22.83
1392,711224,88,20.96,7364,23.05
1393,711446,60,17.43,7369,22.83
1394,711690,124,23.92,7375,23.05
1395,711785,103,22.23,7381,23.05
1396,712110,113,23.02,7386,23.15
1397,712781,101,22.08,7392,22.83
1398,712910,120,23.58,7397,23.05
1399,713303,409,91.12,7403,22.83
1400,714424,81,20.25,7408,23.15
1401,714746,286,49.78,7413,23.05
1402,714977,103,22.23,7419,22.94
1403,715573,537,162.17,7424,22.94
1404,716026,312,55.68,7430,23.15
1405,716123,88,20.96,7435,23.05
1406,716499,254,43.77,7440,22.83
1407,716948,483,132.60,7446,23.15
1408,717057,327,59.28,7452,22.94
1409,717377,71,19.06,7458,22.94
1410,717405,71,19.06,7464,23.05
1411,717675,66,18.36,7470,23.05
1412,717734,248,42.69,7476,23.15
1413,718271,96,21.67,7482,22.94
1414,718347,67,18.51,7487,22.83
1415,718538,108,22.63,7493,22.94
1416,718592,56,16.76,7498,22.94
1417,719421,103,22.23,7504,22.94
1418,720076,188,32.01,7509,23.05
1419,720387,90,21.14,7514,23.05
1420,721343,384,80.08,7519,23.05
1421,721675,88,20.96,7524,23.15
1422,721906,89,21.05,7529,23.15
1423,721924,67,18.51,7534,23.15
1424,723400,100,22.00,7540,23.05
1425,723412,58,17.10,7545,23.05
1426,723452,306,54.23,7551,23.05
1427,723640,121,23.66,7557,22.83
1428,723877,108,22.63,7563,22.83
1429,725150,188,32.01,7568,22.94
1430,725324,199,33.86,7573,23.15
1431,725501,440,109.25,7578,22.83
1432,726342,56,16.76,7583,23.15
1433,726707,103,22.23,7589,22.94
1434,727398,79,20.03,7594,22.94
1435,727589,203,34.56,7599,23.15
1436,727600,61,17.60,7604,23.15
1437,728346,53,16.22,7610,23.15
1438,728629,79,20.03,7615,23.15
1439,729044,213,36.33,7620,23.15
1440,729457,179,30.55,7625,22.94
1441,729792,60,17.43,7630,23.05
1442,730573,323,58.48,7636,23.05
1443,730590,60,17.43,7642,23.15
1444,731273,88,20.96,7648,23.05
1445,733363,295,51.75,7653,23.05
1446,734220,286,49.78,7659,23.15
1447,734539,76,19.69,7665,23.15
1448,735283,384,80.08,7670,22.94
1449,736968,192,32.67,7675,22.94
1450,737113,79,20.03,7680,22.94
1451,737692,56,16.76,7685,23.05
1452,737835,238,40.82,7691,23.15
1453,737854,369,73.42,7697,23.15
1454,738424,275,47.73,7702,23.15
1455,739667,75,19.57,7708,23.15
1456,740165,82,20.36,7714,23.15
1457,740623,88,20.96,7719,23.05
1458,740775,88,20.96,7724,23.05
1459,741160,71,19.06,7729,23.15
1460,741220,108,22.63,7735,23.15
1461,741270,125,24.00,7740,23.15
1462,741610,134,24.82,7746,23.15
1463,741864,76,19.69,7752,23.15
1464,745279,120,23.58,7757,23.15
1465,746674,76,19.69,7763,23.15
1466,747119,295,51.75,7768,23.05
1467,747403,377,76.28,7774,23.05
1468,748435,67,18.51,7779,22.94
1469,748611,56,16.76,7785,22.94
1470,748740,56,16.76,7791,23.15
1471,749616,313,56.02,7797,23.15
1472,749749,60,17.43,7802,23.15
1473,749780,327,59.28,7808,23.15
1474,750228,204,34.73,7814,23.05
1475,750862,131,24.54,7819,23.15
1476,751811,248,42.69,7825,23.15
1477,752254,96,21.67,7831,23.15
1478,752288,73,19.32,7836,23.37
1479,752314,99,21.91,7842,23.15
1480,752429,236,40.44,7847,23.15
1481,752770,252,43.42,7853,23.15
1482,753470,499,141.24,7859,23.15
1483,754429,455,117.03,7865,23.05
1484,754775,179,30.55,7871,23.15
1485,754871,53,16.22,7876,23.05
1486,754915,97,21.75,7881,23.15
1487,754992,71,19.06,7886,23.05
1488,755214,63,17.91,7892,23.15
1489,755484,62,17.75,7898,23.15
1490,756167,79,20.03,7904,23.15
1491,759767,49,15.48,7909,23.15
1492,759789,220,37.58,7914,23.05
1493,759804,76,19.69,7919,23.15
1494,760166,433,104.37,7924,23.15
1495,760186,433,104.37,7929,22.94
1496,760436,60,17.43,7934,23.15
1497,760536,76,19.69,7940,23.15
1498,760609,79,20.03,7945,23.15
1499,761529,76,19.69,7950,23.05
1500,761623,63,17.91,7955,23.15
1501,762217,236,40.44,7961,23.15
1502,762494,280,48.67,7967,23.15
1503,763280,243,41.74,7973,23.15
1504,764057,56,16.76,7979,23.05
1505,764210,167,28.76,7985,23.15
1506,766124,389,81.58,7990,22.94
1507,766501,57,16.93,7995,23.05
1508,767132,67,18.51,8001,23.05
1509,767808,174,29.79,8007,23.15
1510,768454,60,17.43,8012,22.94
1511,768674,115,23.18,8018,23.15
1512,769368,275,47.73,8024,23.15
1513,770113,349,66.33,8030,23.15
1514,770593,70,18.93,8035,23.15
1515,770932,192,32.67,8041,23.15
1516,771302,115,23.18,8046,23.15
1517,771826,60,17.43,8052,22.94
1518,771912,93,21.41,8058,22.94
1519,772573,115,23.18,8063,23.05
1520,772668,71,19.06,8069,23.05
1521,773804,167,28.76,8074,23.15
1522,774330,67,18.51,8079,23.15
1523,774392,224,38.29,8085,23.15
1524,775009,57,16.93,8091,22.94
1525,775370,319,57.64,8097,23.15
1526,775960,107,22.55,8102,23.15
1527,776416,70,18.93,8107,23.15
1528,776563,101,22.08,8113,23.15
1529,778264,408,90.57,8118,23.37
1530,778969,51,15.86,8123,23.15
1531,779518,398,85.63,8128,23.05
1532,779868,275,47.73,8133,23.15
1533,780229,206,35.07,8139,23.05
1534,780504,56,16.76,8144,23.15
1535,780795,62,17.75,8150,23.15
1536,780983,77,19.81,8156,23.15
1537,781338,304,53.73,8161,23.15
1538,781516,71,19.06,8166,23.15
1539,781992,90,21.14,8172,23.15
1540,782017,224,38.29,8177,23.05
1541,782123,496,144.49,8183,23.05
1542,782829,56,16.76,8189,23.15
1543,783303,255,43.96,8195,23.05
1544,783444,81,20.25,8200,23.15
1545,785033,255,43.96,8205,22.94
1546,785126,207,35.26,8210,23.05
1547,785848,222,37.96,8215,23.15
1548,786275,496,144.49,8220,22.94
1549,786598,70,18.93,8226,23.15
1550,786812,73,19.32,8232,23.15
1551,787232,249,42.85,8237,23.15
1552,787274,67,18.51,8243,23.15
1553,787522,131,24.54,8249,23.15
1554,788177,51,15.86,8255,23.15
1555,788729,99,21.91,8260,23.05
1556,788851,82,20.36,8265,23.05
1557,789509,63,17.91,8270,23.15
1558,790778,216,36.85,8276,23.15
1559,790848,205,34.91,8281,23.37
1560,790965,57,16.93,8286,23.15
1561,791483,408,90.57,8292,22.94
1562,791514,79,20.03,8297,22.94
1563,791903,63,17.91,8302,23.15
1564,792590,89,21.05,8308,23.15
1565,792599,53,16.22,8313,23.15
1566,793293,508,144.95,8318,23.15
1567,793467,318,57.28,8324,23.15
1568,793528,79,20.03,8329,23.15
1569,793783,71,19.06,8334,23.15
1570,794522,62,17.75,8340,23.15
1571,794663,112,22.94,8346,23.15
1572,794865,99,21.91,8352,23.05
1573,795084,82,20.36,8357,23.15
1574,795532,284,49.41,8362,23.05
1575,795685,62,17.75,8368,23.05
1576,796824,61,17.60,8374,23.15
1577,796833,97,21.75,8380,23.15
1578,797114,85,20.67,8385,23.15
1579,797894,248,42.69,8390,23.05
1580,797982,159,27.66,8396,23.05
1581,798330,153,26.90,8401,23.15
1582,799055,134,24.82,8407,23.15
1583,799259,73,19.32,8413,23.05
1584,800052,60,17.43,8419,23.05
1585,800144,51,15.86,8425,23.15
1586,800306,97,21.75,8430,22.94
1587,801047,108,22.63,8435,23.15
1588,801263,192,32.67,8440,22.94
1589,801518,62,17.75,8445,23.15
1590,801647,188,32.01,8451,23.15
1591,802627,69,18.79,8456,23.15
1592,803066,88,20.96,8462,23.15
1593,804211,108,22.63,8467,23.05
1594,804413,275,47.73,8472,23.15
1595,805314,60,17.43,8478,23.05
1596,805342,88,20.96,8484,23.15
1597,806116,281,48.90,8489,23.05
1598,806152,76,19.69,8495,23.15
1599,806596,390,82.70,8500,22.94
1600,807321,319,57.64,8505,23.15
1601,807403,57,16.93,8510,23.05
1602,807649,483,132.60,8516,23.15
1603,807684,409,91.12,8522,23.15
1604,808187,92,21.32,8527,23.15
1605,808508,90,21.14,8532,23.05
1606,808871,57,16.93,8537,23.15
1607,808966,83,20.46,8543,23.15
1608,809168,97,21.75,8548,23.15
1609,809884,71,19.06,8553,23.05
1610,810119,56,16.76,8559,23.15
1611,810270,225,38.48,8565,23.15
1612,812599,63,17.91,8571,23.15
1613,814845,76,19.69,8577,23.15
1614,814874,120,23.58,8582,23.15
1615,815493,112,22.94,8588,23.15
1616,815850,88,20.96,8594,23.15
1617,816062,60,17.43,8599,23.15
1618,816080,88,20.96,8605,23.15
1619,816643,487,132.65,8610,23.05
1620,816686,154,27.02,8616,23.15
1621,816748,248,42.69,8621,23.15
1622,817328,105,22.39,8627,23.15
1623,818723,115,23.18,8632,23.05
1624,818882,152,26.78,8638,23.15
1625,819093,67,18.51,8643,23.15
1626,819296,224,38.29,8649,23.15
1627,820280,227,38.83,8655,23.15
1628,820619,57,16.93,8661,23.15
1629,820840,409,91.12,8667,23.15
1630,820888,668,291.28,8672,23.15
1631,821140,133,24.73,8677,23.15
1632,821195,263,45.37,8683,23.15
1633,821960,78,19.92,8689,23.15
1634,822238,287,50.23,8694,23.15
1635,823009,99,21.91,8700,23.15
1636,823642,489,138.11,8705,23.15
1637,823920,225,38.48,8711,23.15
1638,824142,63,17.91,8717,23.15
1639,824375,401,87.91,8723,23.15
1640,825273,51,15.86,8728,23.15
1641,825525,127,24.18,8733,23.15
1642,826265,220,37.58,8739,23.15
1643,826553,57,16.93,8744,23.15
1644,826652,127,24.18,8750,23.15
1645,827179,63,17.91,8756,23.05
1646,827816,97,21.75,8762,23.05
1647,827902,102,22.15,8767,23.05
1648,830326,71,19.06,8772,23.15
1649,831678,61,17.60,8778,23.15
1650,832171,496,144.49,8784,23.15
1651,832526,120,23.58,8790,23.15
1652,833357,71,19.06,8796,23.05
1653,833569,335,61.77,8802,23.05
1654,833928,108,22.63,8807,23.15
1655,834108,53,16.22,8812,23.15
1656,835354,71,19.06,8817,23.15
1657,835814,159,27.66,8823,23.05
1658,836295,51,15.86,8828,23.15
1659,838558,135,24.92,8833,23.05
1660,838704,71,19.06,8839,22.94
1661,838786,199,33.86,8845,23.15
1662,839218,127,24.18,8850,23.05
1663,839365,97,21.75,8856,23.15
1664,840337,57,16.93,8861,23.15
1665,841532,99,21.91,8867,23.15
1666,841962,89,21.05,8872,23.05
1667,845172,76,19.69,8877,23.15
1668,845304,76,19.69,8882,23.15
1669,845316,153,26.90,8887,23.15
1670,845722,70,18.93,8893,23.05
1671,847285,78,19.92,8899,23.05
1672,848240,76,19.69,8904,23.15
1673,848614,67,18.51,8909,22.94
1674,849150,220,37.58,8915,23.15
1675,849336,71,19.06,8920,23.15
1676,849496,67,18.51,8926,22.94
1677,849512,124,23.92,8932,23.15
1678,849734,76,19.69,8938,23.15
1679,850079,53,16.22,8943,23.05
1680,850429,163,28.20,8948,23.05
1681,851346,124,23.92,8953,23.15
1682,851507,96,21.67,8959,23.15
1683,854019,127,24.18,8964,22.94
1684,854121,204,34.73,8970,23.05
1685,854281,56,16.76,8975,23.15
1686,854467,131,24.54,8981,23.05
1687,854888,79,20.03,8987,22.94
1688,855356,51,15.86,8992,23.05
1689,856140,109,22.70,8997,23.15
1690,856213,73,19.32,9002,23.15
1691,856262,199,33.86,9008,23.05
1692,856383,109,22.70,9013,23.15
1693,856680,86,20.77,9018,23.15
1694,858451,96,21.67,9023,23.15
1695,859487,487,132.65,9028,23.05
1696,859795,409,91.12,9034,23.05
1697,860118,108,22.63,9039,23.15
1698,860838,248,42.69,9044,23.15
1699,860907,62,17.75,9050,23.15
1700,861579,229,39.22,9056,23.15
1701,861895,166,28.62,9062,23.05
1702,861933,57,16.93,9068,23.15
1703,862477,167,28.76,9074,23.15
1704,862530,63,17.91,9079,23.05
1705,862983,109,22.70,9085,23.15
1706,864906,231,39.55,9090,23.15
1707,866640,529,156.43,9096,23.15
1708,867083,115,23.18,9102,23.15
1709,867136,99,21.91,9108,23.15
1710,867436,60,17.43,9113,23.05
1711,867581,182,31.03,9119,23.15
1712,867787,192,32.67,9124,23.05
1713,868636,326,59.13,9129,23.15
1714,869197,98,21.83,9135,23.15
1715,870302,79,20.03,9140,23.15
1716,870993,107,22.55,9145,23.15
1717,871113,540,166.11,9150,23.15
1718,871446,97,21.75,9156,23.05
1719,871579,115,23.18,9161,22.94
1720,871839,76,19.69,9167,23.05
1721,871911,178,30.40,9172,23.05
1722,872099,75,19.57,9177,23.15
1723,872620,142,25.64,9183,23.05
1724,873626,71,19.06,9189,23.15
1725,875132,492,134.92,9195,23.15
1726,875751,543,164.77,9201,23.15
1727,877035,83,20.46,9207,23.15
1728,877129,63,17.91,9212,23.15
1729,877283,240,41.21,9218,23.15
1730,877364,193,32.84,9224,23.37
1731,877870,449,112.05,9229,23.15
1732,878076,99,21.91,9234,23.05
1733,878152,63,17.91,9239,23.05
1734,878270,127,24.18,9245,23.15
1735,878468,419,97.20,9251,23.05
1736,879574,103,22.23,9256,23.15
1737,880869,110,22.78,9261,23.05
1738,881258,67,18.51,9266,23.15
1739,881640,248,42.69,9272,23.15
1740,882959,57,16.93,9278,23.15
1741,883501,147,26.19,9284,23.15
1742,883592,92,21.32,9290,23.15
1743,883654,103,22.23,9295,23.26
1744,884205,66,18.36,9300,22.94
1745,884379,56,16.76,9306,23.15
1746,884503,56,16.76,9312,23.15
1747,884993,62,17.75,9318,23.26
1748,885316,302,53.30,9324,23.05
1749,886817,79,20.03,9329,23.15
1750,886827,62,17.75,9334,23.15
1751,886886,291,50.97,9340,23.15
1752,887372,88,20.96,9346,23.15
1753,887448,62,17.75,9351,23.15
1754,887894,345,64.98,9357,23.15
1755,888912,89,21.05,9362,23.05
1756,889245,56,16.76,9367,23.15
1757,889763,98,21.83,9373,23.15
1758,890063,127,24.18,9378,23.05
1759,890447,67,18.51,9384,23.05
1760,890455,108,22.63,9390,23.15
1761,891158,120,23.58,9395,23.15
1762,891663,63,17.91,9401,23.37
1763,892345,531,160.62,9407,23.15
1764,892849,451,113.08,9413,23.05
1765,893024,377,76.28,9418,23.15
1766,893213,225,38.48,9423,23.05
1767,893645,67,18.51,9429,23.15
1768,893712,391,82.35,9435,23.15
1769,893838,76,19.69,9440,23.05
1770,893922,115,23.18,9445,23.15
1771,893935,66,18.36,9451,23.15
1772,894325,67,18.51,9457,23.15
1773,895112,78,19.92,9463,23.05
1774,895182,56,16.76,9468,23.15
1775,895598,286,49.78,9474,23.15
1776,895936,137,25.12,9480,23.05
1777,896108,109,22.70,9486,23.15
1778,896182,307,54.48,9491,23.15
